DATE,CASH,NB,EILB,DMEQ,EMEQ,PE,RE
01/01/1985,0.004117381996511134,0.008834565729641468,0.029157942327778883,0.0597868956866585,-0.01408490235132915,0.06983854770273153,-0.0009483670274596286
01/02/1985,0.0243436759192037,-0.00214198004427359,-0.05123293457027497,0.00829160106796735,-0.04037837679258855,0.007634628111828655,-0.01871775936904727
01/03/1985,-0.0297907892738644,0.0064542370569277314,-4.284427468986829e-05,-0.013697161176067304,0.017421277118392,0.029158882363359916,-0.014128819869032581
01/04/1985,0.0026336290818905067,0.005494327938969583,0.020495172603687658,-0.08016482393849961,-0.005816418069098495,-0.0165460189270376,-0.021765479379783317
01/05/1985,0.007582181833674716,0.04328201328423866,0.04811065486209036,0.05439651341516291,-0.00889729767850686,0.0744444432796085,0.03573773649687527
01/06/1985,-0.0006940716616941189,0.005701848559910657,0.022029162161657085,-0.0054535227725185376,-0.009761413273752136,-0.009726833757242908,-0.02398319133504096
01/07/1985,-0.032196117349256106,-0.009574981776127645,0.08227798440795947,-0.04335110880888943,-0.012086923421663908,-0.0010755451156141162,-0.03441688051136926
01/08/1985,0.0011521196873839753,0.007382761970672048,0.0070945243405759065,0.03752085229557665,-0.05097238332325681,-0.015246074690056339,-0.0004794350684362786
01/09/1985,-0.03579122302147688,0.0008050322386651222,0.04968817423395423,-0.014151004878729723,0.02433725527218716,-0.057032175593511064,-0.02601061398469215
01/10/1985,-0.013399004499262956,-0.008763156524911577,0.0032990117653060097,0.06330011943936482,0.08367412982335334,0.004920251120951628,-0.010265108452486186
01/11/1985,-0.016606439098388708,-0.001432053873966806,0.03703234457460462,0.00329318818535327,0.021468775818372657,0.03568795714260943,-0.006872985215160498
01/12/1985,-0.007076993118689794,0.02288000113916979,0.021426636714515026,0.05203960344993608,-0.06661196046596202,0.032901801752580166,-0.0044898822792494505
01/01/1986,-0.009876242132189074,-0.016822764769211695,0.016163524652429647,-0.018694425263640686,0.012937529915974594,0.006319436510976663,-0.03806930148094555
01/02/1986,-0.03263589108392009,0.02269039690060276,0.03204026583004047,0.08468902912240342,0.0476446237295564,0.052003608939866386,-0.003793367692921761
01/03/1986,0.012243455214514047,0.0585011334905199,0.03332720374272747,0.09929047624928951,0.014948272333515663,0.09265078811476521,0.013418547719539294
01/04/1986,-0.034165682539436325,0.007792349949872025,0.0668710006448059,0.0032064756036053535,0.03513198896543614,-0.038015327443986155,-0.04937263950875562
01/05/1986,0.030285723940338308,-0.016469248748395966,-0.0769979468007754,-0.0024638201130492664,0.035264949002340645,-0.03027696654738135,-0.011322853255416173
01/06/1986,-0.01924401663040714,0.020020173032892524,0.049836680806837605,-0.0071399736322186776,0.04276946747728226,0.01293351767244571,0.032816880210837396
01/07/1986,-0.04175649613937391,-0.01859483804902313,0.04116603148653661,-0.05076690574182162,0.04273011556771303,-0.018800966292375026,-0.03165888104013863
01/08/1986,0.007891696566036003,0.01940302592055245,0.04336552266879886,0.10834456311863638,0.037053553999664694,0.06551335095146228,0.024243349848333887
01/09/1986,-0.004544136983464073,-0.04766489892280558,-0.018094731188368584,-0.07739031844967931,0.06625544220498679,-0.09173460022897584,-0.045836861002975356
01/10/1986,0.031160957623257587,0.007015917626680136,-0.03129249953292549,0.015493439125897953,0.09053080281802539,0.012147649944176171,0.03458834068681822
01/11/1986,-0.018042584061673056,0.011222083256673959,-0.01190006937996776,0.03808938326225195,0.05487409893810819,-0.007795887940708859,-0.002144389462701502
01/12/1986,-0.005532860352891206,-0.0038461793084820384,0.011484152324331025,-0.026050032548682104,0.09112114468773937,0.032666491173025974,-0.012537998221070436
01/01/1987,-0.030733618055973896,-0.005944779646533755,0.028463268090911462,0.06407357924397698,0.026207805336679567,0.03535692176606187,-0.022677035173518205
01/02/1987,0.003234627453889587,0.015496625978278238,-0.007138621752310812,0.024259476676318663,0.11682701804315437,0.04948976698745667,-0.010489365070555803
01/03/1987,-0.014501726062463301,-0.0005826426983695618,0.0607243029544449,0.03257021980617361,0.011311757798462357,0.03699156269946762,0.0031110010184686766
01/04/1987,-0.014828698583159699,-0.008132861679991957,0.0038869341231569125,0.020886233685466042,0.023395923986719656,0.04069161064716448,-0.026831512603581863
01/05/1987,0.004817468356825779,-0.0031513271483348923,0.0036497404969811423,0.013291354235888888,0.11611652120098995,0.024179871187127194,-0.0035082402953233085
01/06/1987,0.010637234713269437,-0.008855229999246544,-0.0016618325895663456,0.03862271667835901,0.04106671790029074,0.06443184397572663,-0.004605852032736765
01/07/1987,0.013539427210009189,-0.02461492502416853,-0.04095626766401975,0.020166514484229375,0.19081649586588684,0.007971773388002548,0.016361788210687445
01/08/1987,-0.02763744673498785,-0.014573422070287268,0.0776664053321947,0.010053290381983805,0.011223967923567113,0.07014881656599913,0.01326598413043509
01/09/1987,0.015829631000738437,-0.01250013854337524,-0.0749649699811359,-0.01837973015515089,0.021025794655763874,0.00802175776090927,-0.018332661268390775
01/10/1987,-0.03676283622504383,0.03818519890429847,0.08151862849908031,-0.2288276616335638,-0.3279434871574367,-0.21822056947455204,-0.04787984261233378
01/11/1987,-0.02863454109911906,0.008928471212536,0.0713596531311456,-0.07301512394786648,-0.058062861940027403,-0.06917397753779372,-0.01921537823812948
01/12/1987,-0.03255340492605229,-0.004391920558435083,0.035757766887106926,0.015366450298063484,0.062262115131381676,-0.022082079612307716,-0.010664966140375926
01/01/1988,0.03202644933140292,0.02188423050803341,-0.009938025606471966,0.04732289222795534,0.07207945734434053,0.10064263295695985,0.00813831859187866
01/02/1988,0.0012481306055509471,0.013118100267749594,0.027294188775805684,0.035361515530291085,-0.022909424767880812,0.07370462260389793,0.019246229414957218
01/03/1988,-0.01929442973495319,0.0106152828410046,0.005518006208069118,-0.013169690028423124,0.1291985313004463,0.03264167337266777,-0.011102935306901787
01/04/1988,0.0038864399812258443,-0.0026444896674121298,-0.010956518339926037,0.02168438596394388,0.12802033741166513,0.005153028482821389,0.020931525039725275
01/05/1988,0.01293054758255399,0.010305134451528128,-0.02770530004746901,-0.044247963403291006,0.025842667467841765,0.014249298135712112,0.02099342155457485
01/06/1988,0.03710123455115153,0.011354401045690604,-0.037060034093562594,0.05625485792132595,0.062107643058141926,0.05100663710103783,0.041580793963210703
01/07/1988,0.02188947512799677,0.00345229723689888,-0.03718422350799048,0.027884985239736714,-0.002961238874653249,0.016498425057121423,0.020067414699708228
01/08/1988,0.01208073292703168,-0.018120381418455195,-0.050514608846956674,-0.012290989462394611,0.017190517613154113,-0.01661015519244402,-0.007210684199868966
01/09/1988,-0.005533577016002225,0.012643671592940138,0.06223059727508747,0.021007663751788558,0.08861479208529768,0.0518771945684898,0.007157190658870251
01/10/1988,-0.04069026505853279,0.004650441575072704,0.05407238833433609,0.03124319918470287,-0.010900764792391195,0.03097612620345989,-0.003767561888671148
01/11/1988,-0.018953195195763477,-0.01588364889227529,0.0438077724979051,0.02539951996213982,-0.08646715993565135,0.03833553227564988,-0.032818857078761164
01/12/1988,0.03208425903201714,0.013216806501094337,-0.03231999627246168,-0.012959858338500961,0.07038547699680342,0.02967054343787016,0.008695754017230266
01/01/1989,0.0436029940386537,0.006604427395538634,-0.05218006039349124,0.07252919794424428,-0.005240330743284989,0.044209249049523766,0.03164137871487829
01/02/1989,-0.01801013313359246,-0.010233136815861396,0.0010554508725170936,-0.02405638011650446,0.061428302579578396,-0.007725469505319358,-0.012904043637356801
01/03/1989,0.03222159223710952,0.002108081296412133,-0.011879771247891049,-0.007032134639747632,0.152438788027218,-0.02666576199835306,0.0505423083150385
01/04/1989,0.013138661608003855,-0.0030424186099931123,0.023910791840765975,-0.018331300016677106,0.21771709114093427,0.007824384351931123,0.018357761086882123
01/05/1989,0.04148659758472257,0.016094265674998092,-0.004237828754850931,-0.00010469438924015986,0.04472535795158217,-0.025723727172730984,-0.004047454385736806
01/06/1989,0.006009782048562363,0.02540455647730053,0.03526284577392324,-0.0446910479959458,-0.09843660875890783,-0.025092324750147128,0.0206764156051299
01/07/1989,-0.009875537368734522,0.02256306282298688,0.03528790793958321,0.0815699762117868,0.03342321975111606,0.08960661406608957,0.01029968280032692
01/08/1989,0.04188173261294743,-0.0024151715956304528,-0.04018303875194337,-0.025634681149143346,0.05037159810064791,-0.008583890215897796,-0.03386225667350019
01/09/1989,-0.0355863198633837,-0.008634898146026665,0.0005173425542285802,0.014339523304281815,0.06023114207188532,-0.03986696393328353,-0.010816373778540318
01/10/1989,0.013679306190154606,0.001464399434657579,0.006332686066753154,-0.08250165284996616,0.04559857734903664,-0.01907462777317292,-0.020543473277023307
01/11/1989,-0.005283918728193561,-0.0030240349938567526,-0.00013937269681022543,0.04582372337982861,-0.06834358608656653,0.02064199342574055,0.014737641337834118
01/12/1989,-0.0034730871055329146,-0.004064614160840421,0.00014367749881079653,-0.004062439989399072,0.1909265909036838,-0.010650735127288778,-0.005339718910466132
01/01/1990,-0.005492135056373022,-0.01316363307157764,-0.03000944798493919,-0.06002976708645774,0.009507041656907557,-0.027095069788817903,-0.004419604155449255
01/02/1990,0.016253503948965724,-0.0052035721930496085,-0.010912829966247074,-0.027005507765035942,0.017387103602458362,-0.006186196080346335,0.012715725266931346
01/03/1990,0.03160586274563669,0.0012566703460198541,-0.01575420043335388,-0.04269998923793408,-0.0992140389127554,-0.07759274658878482,0.009250360418563724
01/04/1990,0.000587426144345901,-0.00690843949307689,-0.02740004445754295,-0.0037099741467799437,0.05981423392392137,-0.013659196426754375,-0.017470563475580122
01/05/1990,-0.015395306802535346,0.023242935073127618,0.06908251021513068,0.10093512490107735,0.03049780642976701,0.10224776681872166,0.040976611564035564
01/06/1990,0.006233274803865032,0.012700751294476042,0.014858887321402179,-0.011903627693599837,0.041658883552900025,-0.019403674323057507,-0.043199998110885
01/07/1990,-0.02008699464863415,0.011576572658691489,0.02879780958844081,-0.022170140083812954,0.04515598481033467,-0.02867166510657434,-0.011257492413500537
01/08/1990,-0.009057979919382085,-0.02285032366870535,-0.013662593586343722,-0.08782448865966204,-0.11226409283801159,-0.09762936462756261,-0.026113682319646905
01/09/1990,-0.015615856526776953,-0.020637274015657833,0.033946088886971724,-0.08527303881977796,-0.08198846517448156,-0.11360139504043328,-0.022841466869925553
01/10/1990,-0.027669636587447546,0.004087109113166426,0.04472884906090427,0.03144926058157151,-0.0047135990765834815,0.03590049266712077,-0.013367213132288109
01/11/1990,0.017055269317408805,0.01893835945544281,0.018193553559779318,0.023988977863584518,-0.024485261102669378,-0.028151137050799545,-0.033857026797938464
01/12/1990,0.01552574564972855,0.0004316798534378819,0.0037572708418416503,0.005551434473579614,0.05901786894313798,0.024354445344874597,0.0037685650823036402
01/01/1991,-0.01891528841657606,0.012006773856885282,0.03749786082650048,-0.012119644086265067,0.06276057887904885,0.011352382074098714,-3.7145184365049524e-05
01/02/1991,0.02321650589817721,0.014747512980890928,-0.0025531990259281805,0.101780465292486,0.15275590999346098,0.11035071738884199,0.038733796986970964
01/03/1991,0.05659044402428018,0.0044925996440617465,-0.03728985622757272,0.035000878454782614,0.09032400035244079,0.028468517701815202,-0.01747495438507184
01/04/1991,0.005564719838834669,0.0034022064853906813,0.034387408108247086,-0.003433672029708651,0.005871352958736911,0.07079147020651552,0.005397199112692144
01/05/1991,0.009273266860331062,0.008375957070977118,-0.011129029132007737,0.03905059021775374,0.08592563500817939,0.019223249933267794,0.009607151982062242
01/06/1991,0.011276658219071579,0.004390680220748292,-0.008177933594968344,-0.05485604559654794,-0.04426021953452409,-0.04364337803650912,-0.026286803936993397
01/07/1991,0.0017013698725813192,0.004412639200651693,0.014214724568303866,0.05544506076768563,0.05303047534348569,0.0191918019117649,-0.003956255174048091
01/08/1991,0.004540059903922479,0.018921421783333784,0.008066440405752495,0.0023042611302557248,-0.008245403810323095,-0.02795805252042447,-0.030121042552335792
01/09/1991,-0.008813543413430137,0.0023923229418841008,0.03162529034371495,0.00032468818796537336,-0.0718749238864647,0.044720408647754714,-0.04214238656484375
01/10/1991,-0.003067236155099736,0.007732883546221009,0.006791918125428627,-0.018107097230441127,0.05551400838626835,0.023150993226241107,-0.07211125234742045
01/11/1991,0.004118741990171329,-0.002100019567671735,0.0257774424087541,-0.06404200009873916,-0.0382793321969065,-0.08833619752911155,-0.05659809490178033
01/12/1991,-0.03436173851169501,0.01611312846599584,0.0822957500518215,0.017036100068813044,0.08815855212577518,0.02621609165176138,0.006566768690201067
01/01/1992,0.012083878185006306,0.001226724431496708,-0.03562614263936739,0.011143877670699496,0.11534831893807962,0.018237525964313144,0.01794084187027339
01/02/1992,0.014172506683630853,0.011663645080559094,-0.020299314684865642,0.0025988418967397287,0.10147485932802133,0.01353340575246758,0.04977206701452157
01/03/1992,0.02068779849629961,-0.007572691771629067,-0.028979339496468116,0.0071433859074286,0.016696716405763888,-0.05208639598681405,-0.010866378284763086
01/04/1992,0.0014358636755493347,0.0006549865287605568,-0.00900535994911133,0.004784544947360744,-0.0319754133929267,-0.009783174790550167,0.002624493966089949
01/05/1992,-0.03253310436743489,0.0045640108336232055,0.06175067493673547,0.04648242453929522,0.0005026564839642721,0.035360891895561936,-0.02013945267468568
01/06/1992,-0.014656075369419961,0.006558971709857442,0.0008811380458499871,-0.045907339779951616,-0.14114386631879042,-0.07803588162224567,-0.04901690570749308
01/07/1992,0.008928660641911244,0.015221276801500799,0.015265064849247974,0.003927929646930779,0.09672907109111219,-0.011062979549284101,-0.015036250831969722
01/08/1992,-0.01803731254053896,-6.405330822409024e-05,0.01090445925333124,-0.011060781540677876,-0.0885044036188436,0.011950976984581401,-0.011852902415296785
01/09/1992,-0.006309689694391562,0.013288401441998011,0.055275038132803135,-0.03167336454979271,0.028877170599986804,0.030978478327631488,-0.02883173431703867
01/10/1992,0.024916723521045136,-0.0012357099365791708,-0.03368606992052281,-0.0062043555081084025,0.07278961157211578,0.008529500553334193,-0.0019218464288287707
01/11/1992,0.019602839647064423,-0.004445649301814605,-0.018410512775644317,-0.0023197366448501067,-0.008660501396997448,0.0434008450984133,0.02396692758317704
01/12/1992,0.017692920834547765,0.004167084699076137,0.023123356827118934,0.03791353853759894,0.01379610349825458,0.0076834788004774305,-0.006420258631356453
01/01/1993,0.004474224845130754,0.015593780465566316,0.018407261424807177,-0.012369378454557607,-0.003521505562861537,-0.029583849322962562,0.001880023875473352
01/02/1993,0.00029061914265332296,0.008727063615350127,0.0498873983042176,-0.004203714277017158,0.018749508633743188,0.018256564209574142,-0.009337548904289828
01/03/1993,-0.009306509239868565,-0.013156531208818035,0.03628647242789567,0.014757064146763348,0.007696085969667976,0.03656513342168968,-0.007679211353293505
01/04/1993,-0.019517257321548673,-0.00639612560561708,0.00694912622843012,0.04446328369551442,0.008817408599088654,0.05346183780380112,-0.026801431385173442
01/05/1993,-0.0013490528719608472,0.006673460835746509,0.05128225322144912,0.009428947288528987,0.029106199520399223,-0.054861162729480245,-0.027030730285271656
01/06/1993,0.016962734030525495,0.018656668214273992,0.005259676673635908,0.01437350250775506,0.02853163342191988,0.011644399687251228,0.009481136389248841
01/07/1993,0.003313985914226514,0.006270487634910192,-0.009561980836208735,0.001469364734336849,0.08762762669619076,0.030148228361595305,0.010717507365438944
01/08/1993,-0.016325452981603168,0.01904410099457731,0.07012584666448764,0.043046222725617866,0.045801237505852715,0.05112062011728033,0.020478323852253857
01/09/1993,0.004823718283600859,0.000582073305581219,0.015366887835854218,-0.01580114935068852,0.02651463345219258,0.004956581394174316,-0.026351189087762253
01/10/1993,0.02317710284862607,0.020004160559095173,0.005219419479541898,-0.027208270970824962,0.10037800077964368,0.025948573649515843,0.008716721112548575
01/11/1993,0.01117595194602124,0.004970333107986214,-0.001395329248789703,-0.01857627146219014,0.05450488620652421,-0.06986961441630421,-0.01578142611487706
01/12/1993,0.003680511505226896,0.022077674417437246,0.053532616226705895,0.040679324500233,0.15022512050925876,0.0358239600042677,0.06857511106897736
01/01/1994,-0.0025233237918716907,-0.006081589127353983,0.026339170214204802,0.062238472821057544,0.0002667732537506634,0.003981667683538505,0.014107277305296905
01/02/1994,-0.009393796745574669,-0.03131672743385348,-0.014022968095311165,-0.04364039197261757,-0.07215903941233712,-0.0282014075044517,-0.03775331884763676
01/03/1994,-0.0028301424602315325,-0.008960026755389674,-0.025064034442440992,-0.05812438691694026,-0.16318117296082446,-0.04657848437682197,-0.030443991480339896
01/04/1994,-0.008522305507486703,0.0024470703864602344,-0.024840804053594265,0.013665294335783241,-0.034862224932700095,-0.001463333588495569,0.019656740998802092
01/05/1994,0.012858095949895674,-0.004485467790636226,-0.02021611743677923,0.024137709079259405,0.001665311023418846,0.04212839738841786,0.010450246190178718
01/06/1994,-0.03075101851062516,-0.012446913478931447,0.004383001616263037,-0.026648772169852467,-0.04592908632656259,-0.017491443578040205,-0.035538408441719314
01/07/1994,0.010864305216453839,0.02201555118027212,-0.008888068897943198,0.020818604044773942,0.04114683109977657,0.0019167485882229628,0.013475814770455835
01/08/1994,0.004757499037944095,-0.024370739225338653,-0.015702566292490044,0.04751259507749066,0.14941358139413538,0.026375033434124204,0.026325529433327468
01/09/1994,0.004339610855218761,-0.004365260913812298,-0.0067772563687674885,-0.05514208959618187,0.0031871771599318427,-0.06126592026467337,-0.024850973346875915
01/10/1994,-0.0036344478280414764,-0.004332230126641226,-0.026496627908437993,-0.005742325873455674,-0.0609080326320078,-0.03479602230424033,0.0019545810408926334
01/11/1994,0.025777123207864353,0.007898279257415016,-0.019281068151849295,-0.02702166347798538,0.028496056119155053,-0.026791496428790435,0.0017856294186659703
01/12/1994,0.0031168015004210464,0.005515180178374867,-0.04099417638129504,0.02433153531618415,-0.08713925550039764,-0.01547656295033522,0.005714431263084407
01/01/1995,0.006905853700643351,0.012812567860255064,-0.01351933581049194,0.012057459854681589,-0.03342028766659079,-0.055523219445579836,0.0014095285297861249
01/02/1995,-0.021310690648219107,0.0014846713432632311,0.03723646936362543,-0.012753566128231916,-0.009437723753840103,6.459401980792728e-05,0.0038899249966524215
01/03/1995,-0.06672072893066514,0.003723120630039302,0.04901469119472599,0.03119923960176145,-0.01037170933947388,-0.02221364639200912,-0.014760650430392182
01/04/1995,-0.003440322163580735,0.00989594511807168,0.01563845093331509,0.010895435475155363,0.036403437676742915,-0.009019041634421372,-0.001915455967541277
01/05/1995,0.02324013365863394,0.02986522600573438,0.02007680673052219,0.024333499981683923,-0.030974970849634555,0.01727582754844684,0.010457474034144144
01/06/1995,0.008392385956063567,-0.0037969016417872315,-0.016243813332994468,0.008537298855402869,-0.015968843121525578,0.03237953076988594,4.19956058573135e-05
01/07/1995,0.010135779421498358,0.017220024242332384,-0.029498372145368434,0.013010958386638384,0.03896835403274554,0.05508611031571862,0.061872222736626126
01/08/1995,0.06368424787053553,0.020357149704464103,-0.03862455184704863,0.030762473493009417,0.039615472111012406,0.036897773375382296,0.018591368468906945
01/09/1995,-0.004920625849319789,0.01988503537696509,-0.001381927300073798,0.0009589095954695565,-0.05059365668916234,-0.023625337559068538,0.024219005025536876
01/10/1995,0.016779551032410342,0.02199780659170809,0.03343714943054411,-0.00818772548331847,-0.017863644067106506,-0.03754754222673011,-0.02546520876653236
01/11/1995,0.011486304171478797,0.010939308523073826,0.02339254776298237,0.0270910801188134,0.004256473642560573,-0.022571029383618692,0.01892016439255937
01/12/1995,-0.00016641309007012217,0.004998093104959044,0.0489221192024543,0.02251585796799396,0.002332471821311813,0.042550376458022406,0.012168176167198362
01/01/1996,0.031229021913490206,0.005385961393812925,-0.031618162146611554,0.06660814412240577,0.08579754231566154,0.03239934899009838,0.03495293137880008
01/02/1996,-0.011568529990743544,-0.005043119510943885,-0.020133105870847302,-0.019691685294140202,-0.032417455610023176,-0.007867304446669028,-0.019018989962240055
01/03/1996,0.008737032343093478,0.004252418641542949,-0.007261386209724832,-0.0036200837332947856,-0.01761839687376599,0.0039919073679431614,0.03671361670826974
01/04/1996,-0.006471228641321292,0.004671228761230372,0.004595926057058766,0.004426621200549971,0.06561496912345846,0.038327640269357977,0.0016470438459008276
01/05/1996,0.022155877723944527,0.01680543270712768,-0.01572995249600954,0.024389663591173387,-0.0589805350542528,0.018721790113926058,0.017885208411098506
01/06/1996,0.009766317659585477,0.010466014848117143,0.0009458536773162191,-0.027647933644564932,-0.02258827204550603,-0.0327236754826867,0.025413624809836353
01/07/1996,-0.014330602233884762,-0.005613435859244368,0.03705793202636172,-0.05818252503718617,-0.11195285575578907,-0.06503097233577625,-0.01776622986040047
01/08/1996,0.011358510653290634,0.022510335307117053,0.00018754636397272546,0.007942624364291499,0.00115556565518991,0.02467272370159561,0.02099233752428055
01/09/1996,0.017451934634176422,0.02294613692170846,0.026645752566610746,0.07820839676696427,-0.000820263572612917,0.05014493503240092,0.01757148212732756
01/10/1996,0.015225413610337546,0.01502224287435784,0.0012835855802510489,-0.027175344745330742,-0.03465702639424691,-0.014708203306120512,-0.0037875145652700214
01/11/1996,-0.0023004756204746428,0.009847465903442442,0.028858768324507244,0.048339610436507835,0.043404484330906545,0.030217307842916104,0.016185864638651997
01/12/1996,-0.0026339185481902196,-0.0005276656378087898,-0.04388371932018807,0.0007770791814394641,0.09013392193711572,0.013661055313421218,0.006112270272316322
01/01/1997,0.03239969786888621,0.009313082204394451,-0.09636180306508828,0.052700949678038636,0.07783785564614153,0.06828092479168099,0.06321841241162647
01/02/1997,0.008992735091964436,0.0020257031204303773,0.042602378096606976,0.05746835469566834,0.04198387844754559,0.029282866541520555,0.015888064788498205
01/03/1997,0.01821128107123411,-0.008339436111078548,-0.0035040025928153827,-0.03334440284149468,-0.06071669591939849,-0.04304952811850743,-0.0023527271625312924
01/04/1997,0.027755800046283897,0.005285010889644761,0.010661786635135099,0.02713291081558483,0.028961470226931043,0.010052371468397272,0.012558290086185985
01/05/1997,-0.026009206290275633,-0.001202660607543681,-0.02011541827620256,0.04842675974165258,-0.036496363487887845,0.04342055239064299,-0.015163885389079479
01/06/1997,0.0005494336665639618,0.012991240186227234,0.01270528699239145,0.022301107475779028,0.06074901272215179,0.006659803928714549,0.001547154698559618
01/07/1997,0.02327104114578842,0.0077963685946956214,0.01893164941793933,0.09481980615681175,0.09205338184533604,0.06832560115056935,0.01952856783766227
01/08/1997,0.0011920022936945703,-0.003256967543520324,0.003316900735217069,-0.09042384505492432,-0.11013572985862988,-0.06520686341340423,-0.03845559587814379
01/09/1997,0.0020876555239919626,0.0173801091274762,0.05722347231269566,0.04353166394574409,-0.02271194716606445,-0.0015316906997660824,0.0544266389893661
01/10/1997,-0.0074763736088385,0.00997680387236838,0.07368653392032354,-0.08154814633148301,-0.1487042298920413,-0.09727616644840328,-0.019351160049387917
01/11/1997,0.02836042441661242,0.022667231405791438,0.002795080299040322,0.04901606968360708,-0.04428649477250613,-0.008548780141466223,0.03092774938374686
01/12/1997,0.013955036872761922,0.006983554493686472,-0.006582247010358167,0.06100459235191496,0.07049895695749242,0.005542390974515941,0.015679004021212428
01/01/1998,-0.008422611753722116,0.004363008764010179,-0.025010708194624604,0.061680958785551396,-0.005170401324458382,-0.023035104256927598,0.013488014540650708
01/02/1998,0.018150471964109096,-0.04161739798705119,-0.0003563988803579887,0.05650041010076475,0.10689475790251424,0.10092663471701058,-0.009846877430630202
01/03/1998,0.029618313926270155,0.013690662922045696,0.07092998443538234,0.08183635857227112,-0.003139992016890608,0.0999139060369651,0.04612747380471163
01/04/1998,-0.014055549506634285,-0.006706823450403548,0.006299236262203789,0.00937892548893812,-0.009388841754388344,-0.029957517900800035,0.004477357367798238
01/05/1998,0.013112865903413661,-0.011204041290089686,0.009983147470957635,-0.0034997082478577693,-0.10069308298982022,-0.0523162520116274,0.0008455374867454239
01/06/1998,0.011421550280751685,-0.007867811443468155,0.03648333670841188,0.049260376355105884,-0.061155187379413514,-0.058235892708410245,0.048923691643774414
01/07/1998,0.015541932625577551,0.01938142224632277,0.004439184885809047,0.03335483299670042,0.027526071677321236,-0.045457376905994176,0.016155954296760998
01/08/1998,-0.015686923310279287,-0.0002035652399035824,0.022298678451110557,-0.11319610699393956,-0.2831790393629715,-0.1758113884611411,-0.018648988252315677
01/09/1998,-0.020144792225288376,-0.019725496198446033,-0.004066875801108489,-0.016094780778782413,0.005896373523634792,0.056578994765933074,-0.005498255520987018
01/10/1998,-0.04392991166393764,-0.05258104418126063,-0.04631701516613432,0.03030439628964305,0.08112684240189735,0.030621849765724494,-0.03695524149431283
01/11/1998,0.015515070999318802,-0.0006122761741430916,0.026921419127694968,0.07872360992890744,0.07957363885283858,0.08876776322792151,0.016964953414891796
01/12/1998,-0.014784113727452506,-0.044470459120199514,0.030588221551836096,0.015319235612823553,-0.024622302270618148,0.0021716833261913506,-0.01872574751697291
01/01/1999,0.03153233441589588,0.012752154945151473,0.030346574709573748,0.04596873857130138,0.015762745971113837,0.010784206932398926,0.024395754932411882
01/02/1999,0.019134512465535013,-0.02444567679994224,-0.050589579589445086,-0.03869495352700011,0.016101393047791415,-0.03257097597229616,0.004225034199645762
01/03/1999,0.00785851338360255,0.007739016191212861,0.04899321232076762,0.0265093608608855,0.09943380961019996,0.04485190052152099,0.01691633978431415
01/04/1999,0.015875697408952037,0.003107443505431346,0.0084916253519653,0.0575086506302342,0.11550532776713932,0.14579073592143676,0.017369826352137525
01/05/1999,-0.00014183642934991782,0.003636316902357638,0.017345641857092097,-0.05485041879670399,-0.030233346578028387,0.010741605323904047,0.0014288401843918636
01/06/1999,0.010663453821997702,-0.0005072450519973785,-0.027983457516314782,0.033181960199972695,0.08907290119566966,0.02968790715341578,0.03137989500448652
01/07/1999,-0.006195414752252251,-0.02137701869995849,-0.008742718502899805,-0.03655572857353068,-0.08281710262000153,-0.045226681075017774,-0.016508702811559386
01/08/1999,-0.00014563271837282187,-0.022293874482644797,-0.04994968597323244,-0.03733123134443405,-0.03770099889408969,-0.052668252817624356,0.008038487017191204
01/09/1999,-0.016945782400804674,-0.0006856519297937444,0.027694243136493782,-0.044695154977547794,-0.013098905097145896,-0.04794252989720645,-0.021711305665556496
01/10/1999,0.0015909038434409762,-0.0006161493507563674,0.037339902254286426,0.03133034057726965,0.011532870987053091,0.06644483161108694,0.018250387730474944
01/11/1999,-0.005599532819406999,-0.0010076509860930515,0.04217678014806219,0.02264855842834504,0.13743800719659816,0.13166717888106827,0.011926203931834594
01/12/1999,0.018912825775206973,-0.007171001126349054,0.0027059850384101893,0.09084251869752444,0.13095396158920442,0.13404526366803382,0.012365579498403991
01/01/2000,0.024666291816147014,0.0007790765353362099,-0.03861542090673415,-0.001314937231397681,0.018529967777065216,-0.0163925491180509,-0.0036732290929154705
01/02/2000,0.024231414255832476,0.019223016484109682,-0.02165590595036933,0.009645245221088247,0.09673990718456085,0.08418358178484621,0.02537762946650594
01/03/2000,-0.019595280544313358,0.002293967976391982,0.03132959249003406,0.056072030660725025,-0.02086338493597303,-0.001240761691595902,0.02900044537242419
01/04/2000,0.03378824523759044,0.01776124480090442,0.019829116019380155,-0.03755609694455524,-0.08304653210650259,-0.04907734382636414,0.010105706180481665
01/05/2000,-0.019189041720500764,0.01125297392997331,-0.06596745356416638,-6.459380318143276e-05,-0.020002663807692507,-0.035765826636380005,-0.005655980270614025
01/06/2000,-0.00739084873164384,0.0065845760339953464,0.017926699173570135,0.009775080166289534,0.08348973891969809,0.02414518051383163,0.03132836608373906
01/07/2000,-0.003356633806897982,0.0010185840382744638,-0.004983786308639003,-3.5332000657101875e-05,0.0003304943434226035,-0.032515920157514824,0.02993297546770592
01/08/2000,-0.00976041167525997,-0.0023828272689799535,-0.014011166578047485,-0.001301775679750511,-0.02028964635877787,0.08150991486189355,0.03553336310788055
01/09/2000,0.009710060797393737,-0.0003541791004233411,0.01616638721999661,-0.06548421948202461,-0.07119500518428712,-0.060536226260098046,-0.0022190037812430136
01/10/2000,0.004792415853642054,0.012800006196302342,0.02389722992860538,-0.04312084357888573,-0.08813283949077233,-0.0669927664349656,0.033544301702406215
01/11/2000,-0.009947450915368727,0.009360613886082775,0.019635892440402345,-0.07504576597650763,-0.02229033396636179,-0.04576382236196216,-0.008253356764867825
01/12/2000,-0.016065472084396626,0.019563444017874784,0.0677014394474602,0.0012226517490805753,0.05174257087304348,-0.005399631807451202,0.027808897930394802
01/01/2001,0.017814719179991313,0.005538268401158666,-0.012196596708579713,0.046481880481624285,0.12173521705589997,0.07961364094557018,0.013839119178548569
01/02/2001,0.012789853839380971,0.009302271337290405,-0.011147820073096225,-0.09221524243218696,-0.0645536371163317,-0.08791052998705251,-0.003863115842259641
01/03/2001,0.041429326288433745,0.00399665269767396,0.003834506655155249,-0.03463606539787368,-0.1440799820584377,-0.05480662694358475,0.02641148363586221
01/04/2001,-0.014268577272713145,-0.006023611163958602,-0.036926684172195134,0.06441797883830337,0.06193867818397589,0.043138449122685836,0.038410278149172
01/05/2001,-0.007053751892740541,0.010554143292929932,-0.0008694991200522808,-0.0017768327421941055,-0.0022636831488064956,0.012190071866065428,-0.013022434507029638
01/06/2001,0.01877073150435509,0.010841372019630537,0.02086179540121839,-0.049387449227183175,0.05366848652387601,-3.0877005370944476e-05,-0.01641963163379016
01/07/2001,-0.005296622581547456,0.013157511267598496,0.010882511777127457,0.0030858380501211473,-0.062858826916483,-0.04468541740323773,0.015832243486309114
01/08/2001,-0.02475652478707513,0.003333987580653836,0.01829582803738429,-0.09244741813730403,-0.05840857127742796,-0.026793139609782374,-0.009795920368808846
01/09/2001,0.00490345934114961,-0.004031792219933474,-0.01042417366098546,-0.07786391831753668,-0.21410919430544356,-0.1680265029064153,-0.025177931800029228
01/10/2001,0.01348857915475346,0.015379182276124618,0.05257355923861875,0.03155178992654391,0.0696099005259387,0.030345963203764748,0.011384993300563508
01/11/2001,0.008258151413575643,-0.015929926974445414,-0.03765181962544513,0.05509608418751115,0.08125674690892919,0.07732511823795855,0.021086361520391235
01/12/2001,0.01614314184328574,-0.0126287309394634,-0.0023190971865385233,0.039949219795978326,0.07417039458246338,0.03263837027199745,0.0031697786033404417
01/01/2002,0.015982348633618915,0.0008762284151974207,-0.0048690848217960575,-0.04431145573321335,-0.010317867309526545,0.038504863162783065,0.013425719803108822
01/02/2002,-0.006368618214795077,0.009134514477284906,0.02147128352378908,0.017160388961554043,0.04353764039912805,0.039383744585534224,0.013205908771756569
01/03/2002,-0.014707586930530403,-0.013791092589650077,-0.0014750330031393635,0.07266083234709995,0.057189796145823577,0.028031837223401225,0.010390636885030877
01/04/2002,-0.014555516172709067,0.008497196296312112,0.03352759537898378,-0.07081977660181453,0.011098758755729798,0.004514051976000893,-0.027907765227441025
01/05/2002,-0.008009261263552265,0.00797216590890728,0.015356420600328623,-0.03377361148853427,-0.005523897532788279,-0.08181818742699926,-0.019937250763192454
01/06/2002,-0.03031267997914923,0.015143851942057984,0.06162923140474852,-0.06176373785116263,-0.1202037345101858,-0.08070441920983919,-0.028112300955833665
01/07/2002,0.01359919910870468,0.014587535225819908,0.01704630648755074,-0.09322713761208874,-0.13107986351180667,-0.09652045207718332,-0.013999351903464552
01/08/2002,0.00032973235673542517,0.017810262666722955,0.05561057396475739,-0.0038500322320926253,0.033982011969919984,0.015153652673062777,0.04094364094975675
01/09/2002,-0.00024235127577854326,0.010863714260172165,0.0678880518970528,-0.07850895988576972,-0.15444578628725947,-0.12430663354541492,-0.053230258220263976
01/10/2002,-0.004463673034502019,0.00768571958659857,-0.03411956235144213,0.08525713467677594,0.04315215926005539,0.046203546182783634,0.03849412145008917
01/11/2002,-0.003183658210067389,-0.026959533060419226,-0.008901669743601693,0.05224721099987224,0.13678653369812796,0.054880941564492074,-0.016985671146975287
01/12/2002,-0.04053681598046528,0.01679648609303052,0.07880990490179184,-0.074199949467593,-0.11590697479214364,-0.07202060444374318,-0.03147820153583234
01/01/2003,0.007151978850152214,0.005064451530871085,0.020206384711077465,-0.053919762279020844,-0.011438564713533907,-0.025976516449578897,-0.017124543119792793
01/02/2003,-0.00957269227598824,-0.004304265084575757,0.018066294832424664,-0.05026561569453375,-0.04131284026161944,-0.027708796660263952,0.019329969853542843
01/03/2003,0.005404919335951727,-0.0007829838768890758,-0.019953580914149505,0.021706283575843907,-0.024436587369478756,-0.028294287079878584,0.004567415111457077
01/04/2003,-0.004854228323620404,0.01404108852877159,0.020991934624984852,0.08656498640920164,0.09002209019190277,0.07002996096596842,0.01609666196192016
01/05/2003,-0.02046026646454099,0.023074649997668024,0.08767666175044787,0.07340645638715708,0.08527935573547869,0.030973610604851695,-0.004481729695419592
01/06/2003,0.021917403555671476,-0.0032374956965435697,0.021433831333882783,0.0008294155111033333,0.09911060403895344,0.05386058583217897,-0.013617114511521432
01/07/2003,-0.0042906663345818954,-0.01886433320455113,-0.08871574397180751,0.020316057897698317,0.08163049172817258,0.051619243440834905,-0.015181461703729707
01/08/2003,0.009037744872879274,-0.010077082138605233,-0.0028110732359289932,-0.025787511226460235,0.0436271242217145,0.06596430843271021,0.009714828842520645
01/09/2003,-0.013478525181032784,0.012621949177289864,0.07285324660078354,-0.058916333250127226,-0.0226159883114537,-0.046274890840191985,-0.005119339196978035
01/10/2003,-0.005209271945429904,-0.006816011803358411,-0.004544187359504212,0.05084197892887551,0.12633711405852016,0.05597648650559199,-0.004780231526789771
01/11/2003,-0.011049552068827264,0.009795676049781455,0.019913253861923955,0.021800814214379162,0.05195646719337887,-0.020470792691827222,-0.0020033238481580048
01/12/2003,-0.010301649194401172,0.0017026298781895053,0.05711947664931532,0.03985993615722604,0.05258223204862241,0.06852831494553462,0.0004098615509777496
01/01/2004,-0.0004159194416984554,0.007311970446783855,0.008257370369110735,0.02062354913169018,0.03087451387717135,0.03596721906206707,-0.025103052392721228
01/02/2004,0.0073254782993236725,0.0005932928140354801,0.06745994213645665,0.02744502781827335,0.09366172122090086,0.0778895914556775,0.012644467930690214
01/03/2004,-0.0003381623429589949,0.005020144704122044,0.0008973448928463598,-0.0318832880960411,0.040763650401355774,-0.01439608126618029,-0.011995457466316854
01/04/2004,0.017243264316246988,-0.015919462448883502,-0.06209665981516827,-0.03069210593721529,-0.02007288981726102,-0.0255696309049516,0.017671987477097455
01/05/2004,-0.013548681864847678,-0.009728655689820682,0.05331391703089349,0.004948714118691602,-0.0012127210018244398,-0.018343260547646817,0.02130586227259073
01/06/2004,0.0035286701766988242,-0.003706167003576605,-0.009099180230517971,0.03602183897296186,-0.011059371214596962,-0.016760632259796758,0.0034367766409424353
01/07/2004,0.012322136056243303,0.016291586649476098,0.02325681623611368,-0.026519926863271648,-0.011566579490608728,-0.0952938997994429,-0.02242412208821438
01/08/2004,-0.010218017726393115,0.006957536541382379,0.05040011465102985,0.008386261918453958,0.02014877608769079,0.01463020422861493,0.020184997624457416
01/09/2004,-0.009457165553337714,-0.0029839276179665472,0.012579675382188498,0.01172965778722312,0.018232351701985255,0.03910474093539333,0.007624457485094125
01/10/2004,-0.00720016709692089,-0.0077058677121911705,-0.021092373134479696,0.034595551273824125,0.0012608125947543437,-0.008251505102407415,0.01045540534348717
01/11/2004,-0.013565283621587473,0.017411509042866154,0.013036889754449894,0.01834280443116186,0.0749497110117028,0.06504934986504338,0.02059044583524286
01/12/2004,-0.006470653674621027,0.004049327477510236,0.029690708377571973,-0.0020549221582409558,-0.015995392846325875,0.03947190204437576,0.012699722995532675
01/01/2005,0.008675678734658002,0.01462852862247551,-0.006659986728485235,-0.026596752077152667,-0.04209702587129713,-0.011545587003398725,-0.024190889348571908
01/02/2005,0.007500820272801648,-0.00659460168143024,-0.008143037522159564,0.012235803890243525,0.09623769731191102,-0.0027058751414201568,-0.010587265669965006
01/03/2005,0.00722616473570757,-0.002432114120740247,-0.0316987580662301,-0.010098662348446736,-0.09732687235581092,0.017373327926758705,-0.007503377394107861
01/04/2005,0.0017084419729927163,0.0037689421856338997,0.01689164665692254,-0.034985325675093874,-0.016375831146443646,-0.013312431114478055,-0.017069748586294183
01/05/2005,0.007755268329945249,0.009597775627169722,-0.015209667916248839,0.0454809791175045,0.025792472522511857,0.01225754129262873,0.030161522651077376
01/06/2005,-0.00033086121943047726,0.006190781565437908,0.062474440149312374,0.03076215483441961,0.0695292901673583,0.03711795724859907,0.03519847529991343
01/07/2005,-0.0076853816386540175,-0.005066118954213668,-0.0056153228685265864,0.03042039546572034,0.1402150168647634,0.07469162653352678,0.011062302697297414
01/08/2005,-0.00709606679581658,-0.0020708543648635114,0.02326652724982165,-0.009142559449915454,0.057237971619886925,-0.004569182710581221,0.016791086686715716
01/09/2005,0.019245144884521684,-0.016711257241752642,-0.003772387230739755,0.018287890624487282,0.12409853755519953,0.049983249427428295,0.005621310082607512
01/10/2005,0.008449953371510669,-0.008936469577352245,-0.03610905954236393,0.007330296398566017,-0.04272081478343991,-0.019630565381194925,-0.008575577825755866
01/11/2005,0.011820608255211994,0.004203677669816287,-0.0066977426879436565,0.08437587029120838,0.033223701237579006,0.06857831240842417,0.032758001892529316
01/12/2005,-0.022734238657911958,0.012632048303102907,0.0603962201523532,0.011475772494679425,0.05440744454167891,0.05039232510468781,0.009642192440442577
01/01/2006,-0.0070041377003451765,0.00011278237260722813,0.026854255914160532,0.02485477988700591,0.10585789137512394,0.0985467993365865,-0.005673898841258912
01/02/2006,0.009094898622161837,-0.0052908775746127205,-0.02781293222555111,-0.003162010755819421,-0.010245941679728572,0.011928370773400343,-0.015034672523017297
01/03/2006,-0.010498274975857428,-0.01190296387698387,-0.02505097974716733,-0.000907665233330076,0.01588129159135704,0.03189065109633487,0.024591462236406347
01/04/2006,-0.02287579596286684,-0.012731468269973577,-0.0021929628550449174,-0.02737079503701958,0.10445829796933043,0.04010894199678939,0.02664264480356458
01/05/2006,-0.012546979548301914,0.0022763904037635314,0.03790576487708079,-0.07687200276874943,-0.14275240814994092,-0.07396817984080795,0.008966319187428566
01/06/2006,0.008002352047823055,0.004056482112735299,0.012503095598830675,0.02891021407638018,0.023959978721637975,0.0076972635033245975,0.011088530215418994
01/07/2006,-0.0017013789482620769,0.004626510321161579,0.032623008067033964,0.028742546748621964,0.04532054629092493,-0.023054665113315772,0.0007011659392726906
01/08/2006,0.011098590741957137,0.013476306798443369,0.030276544523922776,0.024200332892771587,0.021815187312667562,0.015306182050555724,0.0032151031131213027
01/09/2006,0.011453501330991408,-0.007071141674672642,-0.03232932897888343,0.027942961061516003,-0.005144880649947257,0.06383467031796003,0.004142856878405194
01/10/2006,-0.00975399729985091,0.002295589683809912,0.02856787969116198,0.09900291465984395,0.07512801875609348,0.027017637885624165,0.054972400377904296
01/11/2006,0.013163177303270468,0.005986780174987381,0.03288460918750687,0.014109521928300256,0.11048363592927436,0.062216636934190564,0.0028348196254987957
01/12/2006,0.004314538819542229,-0.022438590323912634,-0.053581958321692234,0.03194123889092217,0.05370865832373282,0.011824990818358637,0.015455527337132494
01/01/2007,0.004644790501991606,0.00018847610720242806,-0.02667695022306045,0.054202194017248434,0.031490782646850804,0.040719004371285464,0.03144069813370703
01/02/2007,-0.007388067621571795,0.0034807752632541565,0.050033190124818085,-0.007096863343392752,0.04201640627114678,0.037969626545292776,-0.005965449765777781
01/03/2007,0.0024835009728534792,-0.017673133572346438,-0.006295615714837858,-0.014611050238222314,0.04278417965468219,0.012283493204099659,0.018426269952655838
01/04/2007,0.0023603481826572456,-0.0008347135983431601,0.03596410164271416,0.031196324866117037,0.05782139925933025,0.056500749045036866,0.022276878315582248
01/05/2007,0.0032523351509152173,-0.010091752139220892,-0.05431466440612991,0.05621272061624602,0.006417394098733313,0.05737223213045249,0.0047141674657072965
01/06/2007,0.008351677415468333,-0.00300607873425132,-0.0006742049044181908,-0.011051472674707906,0.0010746606298843997,-0.0028820030316806383,0.006364436101507484
01/07/2007,-0.01348549635796756,0.010263900984683308,0.04652842706054079,-0.05912677048785905,0.030242384725292414,0.0003413244737980464,0.005849455342711823
01/08/2007,0.00889295321253026,0.001979329830983584,0.008453274047142733,-0.013939502050590614,0.051142513032995614,0.0056213941763874065,-0.0003049216619732875
01/09/2007,-0.015168517150134515,0.017380814371133667,0.01162379293222528,0.002934695289017575,0.09401283382935077,-0.012777506561443087,-0.00098694247515131
01/10/2007,-0.005264028108681226,0.005471082549540261,0.027789947199860682,-0.007892802046589011,0.14474594902961532,0.036493856784291914,-0.04281733579618684
01/11/2007,-0.012300179653321655,0.013778904240181293,0.02919890221797591,-0.06652147886200258,-0.08611700093806932,-0.12440482394654362,-0.0364900690748812
01/12/2007,0.007995490687074013,-0.0014466727314125572,0.009614724798380873,-0.01243937935449475,-0.018090003979321465,-0.022673014783189588,0.01798130171380418
01/01/2008,-0.010440916875548253,0.018043763515168402,0.02577065481201652,-0.11253974550698954,-0.13113286286102394,-0.09771715609874142,0.011618704852845083
01/02/2008,-0.00578773851261564,0.00998348586870006,0.01566270980306852,-0.033077251525567175,0.1048902326860657,0.008815013595275622,0.028584780430980238
01/03/2008,-0.02589090583679172,-0.0038513646716605383,0.009866418331433197,-0.03023302999773276,-0.07758552087861784,-0.05385681540547271,-0.01164719846764507
01/04/2008,0.022712659067011733,-0.011980634300713186,0.005803682391494772,0.07138041561601324,0.1648330092356975,0.07317891410357713,0.015439779379164369
01/05/2008,0.004149061029845445,-0.022347750721894346,-0.017596667614796564,-0.003570915452607652,0.0384932994806276,-0.0020817309617647273,-0.03364996385998812
01/06/2008,0.004197603363506229,0.001435529095647111,0.003966703087699239,-0.11606373688904363,-0.08833774788061415,-0.06747171163048124,-0.06199240053951651
01/07/2008,0.00806747044720745,0.007679275491835273,-0.015215970273135957,-0.027573906931701673,-0.11768636354537437,-0.009038812453881873,-0.04804030270731006
01/08/2008,-0.007476965681738168,0.007107451095042837,-0.024600628648273073,-0.028586349778336895,-0.08497587705279354,-0.027453073037261973,-0.03595243499661239
01/09/2008,0.001314896228498241,0.001114281943692844,-0.0908228516759566,-0.11094338658543512,-0.11137646153557901,-0.14624197936649735,-0.04747343129982197
01/10/2008,0.00864178706899444,-0.00025164055455077403,-0.23609717646447137,-0.20593810826372366,-0.2128031313025691,-0.2204082315779635,-0.06110809658292021
01/11/2008,0.000988690156856941,0.03188359975539636,-0.023562183673360125,-0.06913944422551575,-0.07631951726998996,-0.10301154232861635,0.03288785034847913
01/12/2008,-0.00013826205367256693,0.01511917109631036,0.059074240421319035,0.007046479607045483,-0.0071601220674231,0.02866295711307882,-0.008472274141166957
01/01/2009,-0.010269754101828933,-0.024025521936969937,0.00559922714391098,-0.09662500392403801,-0.00740680464700981,-0.05730358955644489,-0.045898591133988864
01/02/2009,0.0013047372435015265,-0.005920030868098043,-0.022149610826160106,-0.07217115304790338,-0.009208053811019076,-0.07263674902390235,-0.035012359624981504
01/03/2009,0.0022883742311950424,0.009367939196223262,0.10708510591145176,0.04533510083031332,0.1269640403031907,0.09669879195009551,0.05565148442850345
01/04/2009,0.005593113376035412,-0.005573707093004999,0.009809523194323017,0.09016112808836843,0.19455125133916643,0.15283911597647715,0.02329957157061517
01/05/2009,-0.0056737384340269335,-0.010258162226723723,0.06081390325343547,0.03908933727046789,0.14120818970020185,0.07490705766593575,0.0023377014398145587
01/06/2009,0.000506217242280989,-0.0021001010187599286,0.013222151900675544,0.009997841471727453,-0.019955095361709124,-0.03832878403375431,-0.031076258049047963
01/07/2009,-0.00667842143043549,0.005879756358277004,0.026007837904360395,0.11152133895726579,0.0853678548372895,0.10815889125983125,0.025761365750719
01/08/2009,-0.003750133808143272,-0.002452441794094871,0.005500609546256044,0.019051870840745423,0.025543399710005354,0.021024697278464618,-0.015457597345694784
01/09/2009,-0.0009657652927489487,-0.008154189582671629,-0.021561500468574614,-0.011282383263747201,0.020233581171680164,0.043039129441052607,-0.0016834011582974907
01/10/2009,-0.005607485157172557,0.003952914759882995,0.009438099005097289,0.007052259728011084,-0.035223468510385034,-0.01948333748534912,-0.013390753409727993
01/11/2009,-0.01881350219096136,0.004953922986453137,0.021317134761665142,0.0010070458989652718,0.03681946496746763,-0.0029750856843356113,-0.014578390139545025
01/12/2009,0.0025535753369840463,-0.014313753208634448,-0.009456816555201506,0.07865051505512159,0.07595909788922861,0.06580196366475889,-0.003184798308062826
01/01/2010,0.0057679468308161315,0.004414739965085118,-0.004513293148119826,-0.033966741560214,-0.002916325871739227,-0.04236691789602061,-0.04834446283865163
01/02/2010,-0.007118399782785249,0.013903322800932864,-0.010798721257404706,0.0013881948552799256,-0.06849754494210852,0.021616639775300747,-0.014435845768430785
01/03/2010,-0.007698653120323193,-0.0030636754137856378,0.012930919467430014,0.08798432704466966,0.09168330455470645,0.11993402613195575,-0.014690346715047264
01/04/2010,-0.017890673066250203,0.011915012371243776,0.01142458154607055,0.04076957659820579,-0.01489241496827844,0.04176488803364107,-0.02039859756579715
01/05/2010,-0.015656716289894155,0.010102559160440786,-0.054029617431416,-0.09836687671931853,-0.15617487594202673,-0.08413892223380828,-0.024515325334472836
01/06/2010,-0.014371603894829716,0.016817158872524943,0.04343647408283319,-0.02902191062609297,-0.02159062021181299,-0.031402320374721,0.017365929165769525
01/07/2010,-0.011015959198314168,-0.007223008442059598,0.022943926707437258,0.07239323053188323,0.07931595047953552,0.031783581291313645,0.08708011247760229
01/08/2010,0.004435869430610031,0.022478809246180714,0.021228869999880867,-0.04547144901219785,-0.012499607285013873,0.003139064073263337,0.02143111872249337
01/09/2010,-0.010396865296449575,-0.003799063329727282,0.010481804004419499,0.05929171618944215,0.054443827561011376,0.08752733707611318,0.019332002940597497
01/10/2010,-0.00623524443424046,-0.0031399717776837187,0.032945230561264055,0.017594017725017876,-0.009105642240093874,0.0006029467235694023,-0.07150884300896534
01/11/2010,-0.010518904952641621,-0.016073695933488157,-0.03655974891171819,-0.02692248522033117,-0.00855003427218267,0.020896236180913144,-0.027891487643854754
01/12/2010,-0.012261766038688442,-0.014946693103168731,-0.016044644995597053,0.07154438041740802,0.09821482610950102,0.06926934389760127,0.029791675607031443
01/01/2011,0.01083917138837585,-0.007709650015462165,-0.0006981738600636321,0.007100301235241914,-0.050573773229139335,0.007314499188441132,0.026633100819640303
01/02/2011,-0.003120301227901934,-0.0009188475320203362,0.0076961354175517525,0.022170667634106335,-0.02185160718255151,-0.011567176369459828,0.003279833432233984
01/03/2011,0.004780266298815519,-0.0016559730902208194,0.02470521589717161,-0.029689030946423382,0.058805834651163784,0.04091735454110458,0.0004897324394848232
01/04/2011,-0.013301004122185907,0.012202902799501687,0.03324534555380592,0.015183553255970293,0.004765834951431213,-0.002738690434114212,0.01885724740689782
01/05/2011,-0.00609042839040333,0.0005963329221649709,0.03178576708789611,-0.04803517396174636,-0.018266582287095108,-0.03106637789338705,-0.026134192631708207
01/06/2011,-0.003467241461372664,-0.001196873547821068,0.0013091799947467456,-0.02814134202292197,-0.04024512870627148,-0.01930809456094707,-0.031193085802413315
01/07/2011,-0.0064318483384308255,0.026254027688674134,0.06312963321319294,-0.018495979083317023,0.05093820968305418,-0.03167700927065313,-0.041903813788510984
01/08/2011,-0.00242594877739756,0.005626843574135147,-0.0023271222126050395,-0.047452333898079346,-0.1184383119185574,-0.03153089702673435,-0.04352008532191592
01/09/2011,0.006391943156640536,0.020671182626470306,-0.0017444842467386878,-0.05023940140262978,-0.07909448801296065,-0.10790462740867711,-0.007248100361178367
01/10/2011,-0.014080673810294661,-0.01120727062710766,0.007690945750283442,0.04914290301952598,0.18727286079151045,0.07590572171591087,0.029435595683693576
01/11/2011,-0.0075467330133438485,0.005339253614976839,-0.023491476168506636,-0.0364068711661083,-0.03243597586863629,-0.03148024280625885,-0.006748018755379119
01/12/2011,-0.007524460834667774,0.011413812786409495,0.025038742453643497,0.03027829761551929,-0.02468508420707961,-0.010487721084431518,0.006445479819462977
01/01/2012,-0.00046115325190547213,-0.006620062710595129,0.05976120828065346,0.0073320618252007835,0.03958571958094942,0.0592360680609782,0.01818221042467069
01/02/2012,0.00690116371535022,-0.010050758107578883,-0.00718459693364691,0.022845565655712625,0.08611168093999526,0.06815726117370077,0.01918576480525579
01/03/2012,-0.004556256791945301,-0.010485286816713978,-0.00874586533984093,0.023992637488403912,-0.029685016269237204,0.008308213874565902,-0.02170234646295045
01/04/2012,0.0023110862255299736,0.0022828773096781243,0.04236486441577629,-0.028857276273614143,0.025596030645600364,-0.021643456266627194,-0.006497342176342763
01/05/2012,0.01474589380502961,0.02973286876385186,0.04314885827072805,-0.06374917418300531,-0.07676555560313353,-0.06015054323172589,-0.020756345944076774
01/06/2012,-0.021494871759191837,-0.0066494144637439315,-0.021292030969623964,0.034941766239107976,0.06927188005100271,0.04830810575132537,0.032858761146306356
01/07/2012,0.003841756155522429,0.023369737533631387,0.06012010748764468,0.0049376126079389675,0.07898082995871424,0.03169546498426712,0.009721024110885775
01/08/2012,0.005003846632741684,-0.0005626502586140881,0.0012740039351392535,-0.0039602168311253065,-0.027021284806662507,0.011324274195253566,0.008101881109264816
01/09/2012,0.000172625195384646,-0.013363219443797482,-0.029718232441603255,0.024941179608979222,0.05446344399514301,0.07490053479501604,-0.011861796248032836
01/10/2012,-0.011192243381266308,-0.005158982175136492,0.02685296028933121,-0.0261300056973202,0.01380748502257262,-0.03905756656817661,0.017525021504479762
01/11/2012,-0.00412700155437187,0.0015638303534979488,0.019706556156761677,-0.014127080757257791,0.009029845503849046,0.005422375357794076,0.011579352931969576
01/12/2012,0.008341372114443253,-0.0016911991425865806,-0.01562164814425964,0.03985186445896402,0.09556110861806266,0.07173994731322239,-0.011971540776144554
01/01/2013,-0.001957764054121542,-0.01873206731688446,-0.01170217300410411,0.035779153033183436,-0.011306835839222502,0.11057747511719876,0.0033652478980344515
01/02/2013,-0.003624404800991338,-0.0063565202268060445,0.00716996429571857,0.0225975389901513,0.025800160378019497,-0.011474294280619739,-0.01698965606528717
01/03/2013,0.0005827668938531698,-0.0007405832500846799,0.01989465280169274,0.043707833436970864,0.013667465588460869,0.04059233251573301,0.011385966471077279
01/04/2013,-0.006637187708661081,-0.00567595143305992,0.037986861571929695,0.022426871752319215,0.023378973037201028,0.049725140062406734,0.015456879143330764
01/05/2013,0.00919601210096862,-0.012069732056267282,-0.08530367440329167,0.028288531562782625,-0.004718891055552148,0.01844150113749096,0.003347787042703086
01/06/2013,0.0011764985554158448,-0.008542295252471292,-0.08548507062733003,-0.061711118997863385,-0.1389664079498187,-0.03613967149663196,0.011639446427348802
01/07/2013,-9.953175091170747e-05,0.007361562574537472,0.008989859046417102,0.07291171083774153,0.018800969080581334,0.046516843865324106,0.031371864644713546
01/08/2013,-0.0005224917449827722,-0.007065261058093356,-0.023924973499578513,-0.011991604831976912,-0.04508775536075438,0.021100423382829813,-0.0026669166199494027
01/09/2013,0.005653607701383159,-0.0004172500960536315,0.01582477984864269,0.04174233204148976,0.05017129174759033,0.00569763272232203,0.020721033154795135
01/10/2013,-0.011477614773369709,0.006868183516673965,0.015402412831054646,0.019558286530375533,0.07645407276071496,0.0033067586481419567,0.009118191845397113
01/11/2013,0.018365065777389195,-0.015221333354110446,-0.018194304422366518,0.036695142060816956,-0.014585409533864684,-0.0034616699470822847,-0.003044427285505091
01/12/2013,0.002973127590092798,-0.018328446367080392,-0.012192992129913734,0.04530153991104065,0.020703572061752874,-0.007554173290032121,0.0066758215097134565
01/01/2014,0.0036105082198012997,0.023997672792169574,0.040926782027837616,-0.04195158241883796,-0.034242045258278064,-0.04765368636923787,0.04096639618873446
01/02/2014,-0.013662382756405234,0.000666872125303727,-0.025029236451045458,0.06949121616957125,0.06271103927880367,0.04327996466803649,0.016775061471178482
01/03/2014,-0.0046173434467251685,0.0032332919535683477,-0.014456999273390694,-0.010691427426598977,0.04793934158473703,0.015955472647463817,-0.00848482711564694
01/04/2014,-0.004896948291516538,0.0038231271657278424,0.01601555438436871,-0.015278199290902544,0.0034011746178251364,-0.0535707684048221,-0.00383677839306985
01/05/2014,-0.0123310901062865,0.006195737308493949,0.032806328104115226,0.02181082589891243,0.009375586376276376,0.015873052623570836,-0.009162738904523373
01/06/2014,-0.008461919765169421,-0.01381670239562861,-0.01309980268582497,-0.015295516883564272,0.015389930496832089,-0.007499254842375382,-0.005924442151809206
01/07/2014,-0.006590456877808467,-0.007822911197266044,0.008883733761475146,-0.016266617507264935,0.011078640375375471,0.003707183207150389,0.0049787586537032085
01/08/2014,-0.01299205130952656,0.014947620231722506,0.012100470587618829,0.00960439651184852,0.008932711958445999,0.02143028285058144,0.030230974110176737
01/09/2014,0.003047004068888535,-0.00418987770729777,-0.0018602794974272446,-0.030875102662083747,-0.04587167934994258,-0.055563647153830754,-0.03359129787581296
01/10/2014,0.012709104725033503,0.014830005882147093,0.005959962327522328,-0.012259106110875698,-0.04238452022057212,0.023290853058709562,-4.133661634014851e-06
01/11/2014,-0.000911383173253411,0.011369809933202375,0.039851254979654485,0.03682321618733062,-0.03441619776843685,0.0027623323956949934,0.004361270427788266
01/12/2014,0.010605779687187015,0.009922090569453448,-0.0014032935219294943,-0.017174627788662286,0.03317474935145953,0.005695885612104914,-0.013507852279676815
01/01/2015,-0.000605282899523097,0.027485288236897082,0.04613475974053273,0.0013537189357104744,0.024081484234862602,0.06841532343839965,0.0006967938522357007
01/02/2015,-0.001979332428057188,-0.001205145489119196,-0.03468311103528758,0.030343051821640214,0.0658869278479241,0.05544729707893344,-0.008496463744449166
01/03/2015,-0.0005652267084481468,0.003266145881367361,0.008882139048160312,-0.022569995572938432,-0.02400565506897035,0.007308736167523875,0.01587678254259418
01/04/2015,-0.012407840871491263,0.00047286280667443656,0.015258011494227789,-0.02549322304433259,0.03550364781076829,0.04442528639928017,0.001211143533882195
01/05/2015,0.00024232213513365958,-0.010852230021597126,-0.026831189797440112,0.015108613874066715,-0.03511318342213654,0.023627413234306477,0.0038760878778494913
01/06/2015,-0.003931752117945188,-0.011849827693919504,-0.026933974146545036,-0.03471235951410621,0.0173227480256921,-0.008906626487064109,-0.004071776943850891
01/07/2015,0.003299751021228584,0.012105998466626274,0.013247885722421873,0.024117088604071135,-0.027305857446986784,0.050559904755791904,0.042006476339981516
01/08/2015,0.010999480505391266,0.0054998123969451276,-0.027245520057029918,-0.05046170803558297,-0.06773105827777151,-0.03686489166989928,-0.013606135586068553
01/09/2015,-0.002617933561197258,0.008315338051587972,0.007027295065848594,-0.038695891579027454,-0.04102058197648735,-0.010424944538341543,-0.010886498463552951
01/10/2015,-0.00237246267386059,-0.004172253978359028,0.014615599267909389,0.050997985536967286,0.08154415938963352,0.026093661802209768,0.06208988700472888
01/11/2015,-0.0011207904894671838,-0.006054168275027166,-0.0021844694482862116,0.049614777772424734,-0.028325403478508378,0.034838816114246565,-0.013987600644666394
01/12/2015,0.007363178485040584,0.007476900923251515,-0.0428489579374826,-0.024419887755009268,-0.06011666386308434,-0.03281448054395276,-0.019996660889591816
01/01/2016,0.006221376295406098,0.01092818122650776,0.06330691911491358,-0.05127103076837522,-0.04665479521932152,-0.07889920978445313,-0.018116782750723297
01/02/2016,0.015230142399650063,0.02686854100029686,-0.00784289756528338,-0.015824450893472623,-0.01299807113694334,0.0034500557430368894,0.020556280656291715
01/03/2016,-0.004101805702486289,-6.242913153418992e-05,0.014760569329727018,0.07178163029353701,0.09669752655931943,0.019606904029138963,5.02245349822566e-05
01/04/2016,-0.0013287859874281805,0.001003547717322023,0.014432980412347241,-0.01646453793068184,0.057733911029013325,0.0119217581292653,-0.03832898331430955
01/05/2016,0.005374685655123986,-0.004077100859609136,0.005674174513083359,-0.0008262411247069723,-0.00672469959168058,0.03484994115930532,0.018194152621378815
01/06/2016,-0.0005259340483197593,0.029837460369432228,0.028446843984696796,-0.013551743473480937,0.06389830804718197,-0.04293534674253813,0.008370866070684924
01/07/2016,0.0014074750178832765,-0.007322979629458969,0.01006329608874282,0.07436098753012899,0.057742504171335314,0.06793511278923288,0.01769769841800813
01/08/2016,-0.0016311085093606134,-0.015235928258144876,0.0022619015682555626,-0.01687864659069587,-0.0031877007444145213,0.05571289879002648,-0.0015764269728165102
01/09/2016,0.005147240933023711,-0.0008224693105257912,-0.0003552712424996513,0.027320349390418677,0.016528938163283217,0.02032201402044824,-0.010908709128865835
01/10/2016,-0.010303522070628056,-0.024835812781871087,-0.028447615420449834,0.00031905978376534083,0.027871696194012016,-0.029638723666667824,-0.022810644577024627
01/11/2016,-0.02137237922859008,-0.027903339413530237,-0.024584364677167878,0.06876981016919742,-0.05126166628591545,0.038607967625548446,0.010669292147720064
01/12/2016,-0.008015101594014825,0.00020503727400435733,0.026124398911766468,0.00505434764193036,0.0037739335753647026,0.01080092930295518,-0.0012353847490753894
01/01/2017,0.0027057000339807398,-0.00779913323317742,0.010704389641059003,0.014657744925975987,0.07183181947700909,-0.0014986797685580464,0.01594486187677399
01/02/2017,-0.006270656231716448,-0.001242659765027662,-0.0015648627882676779,0.020775403403019754,0.07691426856946357,-0.013438921243399925,0.0301800355520827
01/03/2017,0.0028271294882912025,-0.006022848353902639,-0.0018320857745841882,-0.03285255576906648,0.022767616276193437,0.03471683585357907,0.0160366227069657
01/04/2017,-0.004890848021694942,0.007491897965053495,0.003258105795411567,0.03302707067023643,0.001302831160905885,-0.00983904619273161,0.00699974623673253
01/05/2017,-0.008051078731929569,0.007104843881792958,-0.0077210217772237695,0.006029105688652423,-0.013150639101701948,0.01073568643816745,-0.002704986753344475
01/06/2017,0.0008693713207218564,-0.006800566663898852,-0.02641423400421135,-0.020569227954090413,0.016775727604625895,0.03574769282658462,-0.0015194711889772593
01/07/2017,0.007777585997408975,0.001540488562410904,-0.010665262600984316,0.03839154810456681,0.09034717508415735,-0.01064438904633411,-0.005656741728588946
01/08/2017,0.00045846106776884854,0.015084108053250816,0.020859364294061686,-0.017488883482725558,0.010774561777118314,-0.03660788019579948,-0.008592065628676239
01/09/2017,0.0013057618955520257,-0.011635570311529592,-0.014012881258987493,0.02279707577059547,-0.012104565178894222,0.012113913041717965,0.015076707025351717
01/10/2017,-0.0033908601247363435,0.004956028601254157,0.022735362222797414,-0.02169919419232584,0.02044792270798846,0.018889751809841357,0.011326025751395302
